product_category,Revenue,Profit,Profit_margin
Furniture,139528.704,29699.114,21.28530771704151
Technology,107864.76,24022.42,22.27086955925179
Office Supplies,144941.3665,32770.5565,22.60952638389814
