region,discount_(%)
East,0.12236842105263158
West,0.1267605633802817
South,0.1375
North,0.1384057971014493
