customer_name,profit
Customer 73,2354.8954999999996
Customer 4,2562.011
Customer 49,3099.9049999999997
Customer 59,3739.0510000000004
Customer 81,3790.561
